 [
		{
			"id": "1000",
			"firstName": "Satyam",
			"lastName": "Singh",
			"mobileNumber": "9988998899",
			"emailId": "satyam@gmail.com"			
		},
        {
			"id": "10001",
			"firstName": "Jason",
			"lastName": "roy",
			"mobileNumber": "7766776677",
			"emailId": "jason@gmail.com"			
		},
        {
			"id": "10002",
			"firstName": "Steve",
			"lastName": "Watch",
			"mobileNumber": "8866779955",
			"emailId": "steve@gmail.com"			
		},
        {
			"id": "10003",
			"firstName": "Tom",
			"lastName": "holland",
			"mobileNumber": "9876543210",
			"emailId": "tom@gmail.com"			
		},
        {
			"id": "10004",
			"firstName": "Paul",
			"lastName": "bravo",
			"mobileNumber": "6688990012",
			"emailId": "paul@gmail.com"			
		}
    ]
    