{
	"data": [
		{
			"id": "1000",
			"code": "f230fh0g3",
			"name": "Employee 1",
			"description": "Product Description",
			"image": "assets/images/emp.png",
			"price": 65,
			"category": "Accessories",
			"quantity": 24,
			"inventoryStatus": "AVAILABLE",
			"rating": 5
		},
		{
			"id": "1001",
			"code": "nvklal433",
			"name": "Employee 2",
			"description": "Product Description",
			"image": "assets/images/emp.png",
			"price": 72,
			"category": "Accessories",
			"quantity": 61,
			"inventoryStatus": "AVAILABLE",
			"rating": 4
		},
		{
			"id": "1002",
			"code": "zz21cz3c1",
			"name": "Employee 3",
			"description": "Product Description",
			"image": "assets/images/emp.png",
			"price": 79,
			"category": "Fitness",
			"quantity": 2,
			"inventoryStatus": "UNAVAILABLE",
			"rating": 3
		},
		{
			"id": "1003",
			"code": "244wgerg2",
			"name": "Employee 4",
			"description": "Product Description",
			"image": "assets/images/emp.png",
			"price": 29,
			"category": "Clothing",
			"quantity": 25,
			"inventoryStatus": "AVAILABLE",
			"rating": 5
		},
		{
			"id": "1004",
			"code": "h456wer53",
			"name": "Employee 5",
			"description": "Product Description",
			"image": "assets/images/emp.png",
			"price": 15,
			"category": "Accessories",
			"quantity": 73,
			"inventoryStatus": "AVAILABLE",
			"rating": 4
		},
		{
			"id": "1005",
			"code": "av2231fwg",
			"name": "Employee 6",
			"description": "Product Description",
			"image": "assets/images/emp.png",
			"price": 120,
			"category": "Accessories",
			"quantity": 0,
			"inventoryStatus": "OUTOFSTOCK",
			"rating": 4
		},
		{
			"id": "1006",
			"code": "bib36pfvm",
			"name": "Employee 7",
			"description": "Product Description",
			"image": "assets/images/emp.png",
			"price": 32,
			"category": "Accessories",
			"quantity": 5,
			"inventoryStatus": "UNAVAILABLE",
			"rating": 3
		},
		{
			"id": "1007",
			"code": "mbvjkgip5",
			"name": "Employee 7",
			"description": "Product Description",
			"image": "assets/images/emp.png",
			"price": 34,
			"category": "Accessories",
			"quantity": 23,
			"inventoryStatus": "AVAILABLE",
			"rating": 5
		},
		{
			"id": "1008",
			"code": "vbb124btr",
			"name": "Employee 8",
			"description": "Product Description",
			"image": "assets/images/emp.png",
			"price": 99,
			"category": "Electronics",
			"quantity": 2,
			"inventoryStatus": "UNAVAILABLE",
			"rating": 4
		},
		{
			"id": "1009",
			"code": "cm230f032",
			"name": "Employee 9",
			"description": "Product Description",
			"image": "assets/images/emp.png",
			"price": 299,
			"category": "Electronics",
			"quantity": 63,
			"inventoryStatus": "AVAILABLE",
			"rating": 3
		}
	]
}